DATE,OPEN,HIGH,LOW,CLOSE,VOLUME
22/03/2024,95200.00,96800.00,95200.00,96400.00,1844100.00
21/03/2024,94000.00,95500.00,94000.00,95200.00,1452700.00
20/03/2024,92500.00,94100.00,92500.00,93200.00,897700.00
19/03/2024,92500.00,93500.00,92500.00,92500.00,868500.00
18/03/2024,94300.00,94500.00,92500.00,93000.00,1839300.00
15/03/2024,95000.00,95000.00,93900.00,94000.00,2302500.00
14/03/2024,96000.00,96100.00,94600.00,95000.00,2319300.00
13/03/2024,94900.00,96500.00,94300.00,96000.00,3121300.00
12/03/2024,94100.00,94900.00,94000.00,94400.00,1107000.00
11/03/2024,95100.00,96000.00,94100.00,94100.00,1840000.00
08/03/2024,95900.00,96500.00,95100.00,95100.00,2229600.00
07/03/2024,95900.00,97400.00,95500.00,95800.00,2362300.00
06/03/2024,95500.00,96800.00,95100.00,95600.00,2070600.00
05/03/2024,96600.00,96600.00,95200.00,95500.00,1364800.00
04/03/2024,98000.00,98000.00,95600.00,96000.00,1640400.00
01/03/2024,98200.00,98200.00,94900.00,97300.00,2379600.00
29/02/2024,98500.00,100500.00,97300.00,97300.00,1897000.00
28/02/2024,91000.00,97400.00,90400.00,97400.00,4219900.00
27/02/2024,89600.00,91200.00,89100.00,91100.00,1604900.00
26/02/2024,88900.00,90000.00,88900.00,89500.00,722000.00
23/02/2024,89500.00,91400.00,88900.00,88900.00,1800900.00
22/02/2024,90600.00,91000.00,89500.00,89500.00,1223900.00
21/02/2024,91700.00,91700.00,90500.00,91200.00,1367400.00
20/02/2024,90100.00,91400.00,89400.00,91300.00,1404300.00
19/02/2024,89900.00,90500.00,89300.00,90200.00,1045300.00
16/02/2024,89900.00,90200.00,89500.00,89600.00,734100.00
15/02/2024,90000.00,90700.00,89100.00,89900.00,1046700.00
07/02/2024,90000.00,90800.00,89300.00,90000.00,1371400.00
06/02/2024,90300.00,90600.00,89100.00,89500.00,1352300.00
05/02/2024,90200.00,90600.00,89400.00,90000.00,1949000.00
02/02/2024,89100.00,90500.00,89100.00,90300.00,733000.00
01/02/2024,88000.00,90200.00,88000.00,89800.00,598100.00
31/01/2024,90600.00,90600.00,88500.00,88500.00,945600.00
30/01/2024,91200.00,91200.00,90100.00,91000.00,888600.00
29/01/2024,91800.00,92000.00,90900.00,91200.00,730500.00
26/01/2024,91600.00,92000.00,91400.00,92000.00,953100.00
25/01/2024,91100.00,91600.00,90700.00,91000.00,503300.00
24/01/2024,91600.00,92000.00,90900.00,91100.00,744700.00
23/01/2024,92100.00,92400.00,90400.00,91500.00,1256900.00
22/01/2024,93500.00,93500.00,92000.00,92000.00,1046300.00
19/01/2024,91000.00,93000.00,90400.00,92600.00,1472600.00
18/01/2024,90900.00,91200.00,90000.00,91100.00,1422900.00
17/01/2024,89000.00,91000.00,89000.00,90900.00,1578200.00
16/01/2024,89000.00,90100.00,88900.00,90000.00,1367200.00
15/01/2024,89000.00,90100.00,89000.00,90000.00,1914200.00
12/01/2024,88100.00,89500.00,87400.00,88700.00,1909500.00
11/01/2024,89500.00,90000.00,88600.00,89300.00,1489100.00
10/01/2024,87800.00,89500.00,87200.00,89500.00,1795400.00
09/01/2024,86800.00,87900.00,86800.00,87800.00,1926400.00
08/01/2024,86300.00,86800.00,86300.00,86800.00,1607800.00
05/01/2024,85900.00,86200.00,85700.00,86200.00,1180300.00
04/01/2024,84500.00,86200.00,84000.00,85900.00,2657900.00
03/01/2024,83500.00,84500.00,82800.00,84500.00,1373000.00
02/01/2024,82900.00,83600.00,82200.00,83500.00,1785800.00
29/12/2023,83500.00,83900.00,80300.00,80300.00,1621700.00
28/12/2023,82700.00,83100.00,82400.00,82800.00,703200.00
27/12/2023,82900.00,83200.00,82500.00,82700.00,899600.00
26/12/2023,82000.00,82800.00,82000.00,82800.00,971200.00
25/12/2023,80900.00,81800.00,80700.00,81800.00,1301600.00
22/12/2023,80900.00,81100.00,80400.00,80900.00,1579800.00
21/12/2023,81000.00,81000.00,80300.00,80900.00,2030300.00
20/12/2023,81200.00,81300.00,80500.00,81100.00,1872300.00
19/12/2023,81500.00,81500.00,80100.00,81200.00,1961300.00
18/12/2023,82800.00,82900.00,81500.00,81500.00,1804000.00
15/12/2023,84000.00,84400.00,82200.00,82200.00,2530300.00
14/12/2023,84000.00,84500.00,84000.00,84400.00,840600.00
13/12/2023,84200.00,84500.00,83700.00,83700.00,1152900.00
12/12/2023,84700.00,84700.00,84000.00,84200.00,1006400.00
11/12/2023,85000.00,85300.00,84100.00,84200.00,1400000.00
08/12/2023,85200.00,85500.00,85000.00,85000.00,1183000.00
07/12/2023,85700.00,86000.00,85000.00,85200.00,992300.00
06/12/2023,85300.00,86000.00,85000.00,85900.00,638000.00
05/12/2023,86000.00,86100.00,84800.00,85400.00,992800.00
04/12/2023,85400.00,86200.00,84800.00,86000.00,888100.00
01/12/2023,84900.00,85000.00,84100.00,85000.00,714700.00
30/11/2023,85100.00,85400.00,84700.00,84700.00,927600.00
29/11/2023,85400.00,85900.00,85100.00,85100.00,733100.00
28/11/2023,85500.00,85900.00,84800.00,85800.00,779400.00
27/11/2023,86000.00,86000.00,85100.00,85800.00,443000.00
24/11/2023,85500.00,86000.00,85000.00,86000.00,734500.00
23/11/2023,86700.00,86800.00,85500.00,85500.00,647200.00
22/11/2023,86300.00,86700.00,85500.00,86700.00,1012700.00
21/11/2023,86100.00,86700.00,85800.00,86600.00,1151400.00
20/11/2023,85600.00,87000.00,85000.00,86100.00,1098400.00
17/11/2023,87800.00,87900.00,85500.00,85600.00,1588000.00
16/11/2023,87000.00,88000.00,86700.00,88000.00,1284800.00
15/11/2023,86500.00,87700.00,86500.00,87700.00,4067800.00
14/11/2023,86000.00,86500.00,85400.00,86000.00,987500.00
13/11/2023,86000.00,86100.00,85400.00,85500.00,937700.00
10/11/2023,87100.00,87500.00,86000.00,86000.00,1352000.00
09/11/2023,89500.00,89500.00,87900.00,87900.00,1166800.00
08/11/2023,88000.00,89700.00,87900.00,89500.00,1270300.00
07/11/2023,89000.00,89300.00,88300.00,88300.00,413900.00
06/11/2023,88900.00,89800.00,88500.00,89500.00,774800.00
03/11/2023,89000.00,89400.00,88100.00,88900.00,1086600.00
02/11/2023,88000.00,89000.00,86600.00,89000.00,1057500.00
01/11/2023,86800.00,87800.00,86100.00,87800.00,1479100.00
31/10/2023,85900.00,86900.00,84900.00,86800.00,1345300.00
30/10/2023,83500.00,86000.00,83500.00,85900.00,592900.00
27/10/2023,84600.00,85000.00,83800.00,85000.00,773400.00
26/10/2023,85000.00,86000.00,83500.00,84500.00,1420300.00
25/10/2023,85100.00,85800.00,84600.00,85800.00,660100.00
24/10/2023,84500.00,86500.00,83900.00,86000.00,994000.00
23/10/2023,84500.00,84500.00,82500.00,84500.00,966600.00
20/10/2023,83500.00,85300.00,82700.00,84800.00,938400.00
19/10/2023,85500.00,86000.00,84100.00,84500.00,1363600.00
18/10/2023,85500.00,86000.00,85000.00,85900.00,1147400.00
17/10/2023,86100.00,86500.00,85500.00,85900.00,363400.00
16/10/2023,85600.00,86600.00,85600.00,86100.00,332300.00
13/10/2023,86000.00,86600.00,85500.00,86600.00,663100.00
12/10/2023,86900.00,86900.00,85500.00,86000.00,714100.00
11/10/2023,86200.00,86500.00,85700.00,86500.00,719400.00
10/10/2023,84600.00,86200.00,84600.00,86100.00,734100.00
09/10/2023,85400.00,85400.00,84000.00,84600.00,1096100.00
06/10/2023,84500.00,85400.00,83500.00,85400.00,800900.00
05/10/2023,86000.00,86000.00,84500.00,84500.00,890000.00
04/10/2023,86300.00,86300.00,85300.00,86300.00,923800.00
03/10/2023,86500.00,86700.00,85800.00,86300.00,882600.00
02/10/2023,87100.00,87200.00,86500.00,86500.00,765700.00
29/09/2023,88300.00,88300.00,87100.00,87500.00,449300.00
28/09/2023,87200.00,88300.00,86600.00,88000.00,1065100.00
27/09/2023,87600.00,89000.00,87000.00,87800.00,1204900.00
26/09/2023,89200.00,89400.00,86900.00,87000.00,1663200.00
25/09/2023,89000.00,89500.00,88300.00,89300.00,2210400.00
22/09/2023,86400.00,89500.00,86000.00,89300.00,2408600.00
21/09/2023,88000.00,88000.00,86800.00,87000.00,1066900.00
20/09/2023,88100.00,88400.00,86400.00,88000.00,786000.00
19/09/2023,88800.00,89200.00,86000.00,88100.00,1117200.00
18/09/2023,89500.00,89700.00,88300.00,88800.00,718100.00
15/09/2023,88900.00,89800.00,88600.00,89800.00,2142400.00
14/09/2023,89000.00,89500.00,88100.00,89100.00,1512600.00
13/09/2023,90000.00,90000.00,88900.00,89100.00,1582000.00
12/09/2023,89000.00,90000.00,88900.00,89900.00,1572100.00
11/09/2023,89600.00,90000.00,88000.00,88500.00,1649500.00
08/09/2023,89500.00,89500.00,89100.00,89500.00,1341900.00
07/09/2023,90000.00,90800.00,89500.00,89500.00,1765300.00
06/09/2023,90200.00,90200.00,89700.00,90200.00,2017600.00
05/09/2023,89100.00,90700.00,89100.00,90100.00,1942200.00
31/08/2023,89100.00,89600.00,88300.00,89100.00,1531200.00
30/08/2023,88500.00,89500.00,88500.00,89100.00,1350000.00
29/08/2023,87000.00,88500.00,86900.00,88400.00,1391900.00
28/08/2023,86400.00,87500.00,86200.00,87000.00,1378300.00
25/08/2023,86200.00,87000.00,86000.00,86200.00,1404600.00
24/08/2023,86300.00,88200.00,86000.00,87000.00,902800.00
23/08/2023,88900.00,88900.00,86100.00,86300.00,1754800.00
22/08/2023,89500.00,89700.00,87800.00,88400.00,1825000.00
21/08/2023,89700.00,90200.00,89200.00,89800.00,1710900.00
18/08/2023,89800.00,90300.00,89000.00,89500.00,2430400.00
17/08/2023,89200.00,89800.00,88600.00,89400.00,2145100.00
16/08/2023,88800.00,89400.00,88700.00,89200.00,727300.00
15/08/2023,90000.00,90000.00,88500.00,88900.00,1148500.00
14/08/2023,90300.00,90300.00,89000.00,89000.00,1471800.00
11/08/2023,88500.00,90400.00,88500.00,90400.00,920800.00
10/08/2023,90500.00,90500.00,88500.00,88500.00,1336100.00
09/08/2023,90700.00,90900.00,90100.00,90200.00,591600.00
08/08/2023,90800.00,91200.00,90100.00,90700.00,823400.00
07/08/2023,90100.00,90800.00,90000.00,90800.00,1111700.00
04/08/2023,90700.00,91100.00,90100.00,90100.00,1231600.00
03/08/2023,91500.00,91500.00,90500.00,90600.00,837900.00
02/08/2023,91200.00,91500.00,91000.00,91500.00,1055800.00
01/08/2023,91600.00,92800.00,91200.00,91200.00,1281600.00
31/07/2023,93000.00,93200.00,91600.00,91600.00,1468300.00
28/07/2023,92700.00,93000.00,91800.00,93000.00,1116900.00
27/07/2023,93700.00,93700.00,92500.00,92700.00,957200.00
26/07/2023,91900.00,93400.00,91900.00,93400.00,1146400.00
25/07/2023,90400.00,92500.00,90300.00,91800.00,2374800.00
24/07/2023,88992.38,89246.40,88484.34,88569.01,277200.00
21/07/2023,88907.71,88907.71,88060.97,88907.71,1823427.00
20/07/2023,89331.08,90093.14,87722.27,88907.71,879605.00
19/07/2023,88569.01,90685.86,88569.01,90177.82,2586200.00
18/07/2023,88823.03,88907.71,88314.99,88314.99,793000.00
17/07/2023,88907.71,88907.71,88230.31,88738.36,1291601.00
14/07/2023,88823.03,88907.71,88060.97,88907.71,1308700.00
13/07/2023,88907.71,88907.71,87806.94,88823.03,1683300.00
12/07/2023,86960.20,88484.34,86960.20,88060.97,870800.00
11/07/2023,86198.14,88907.71,86198.14,87214.23,2492600.00
10/07/2023,88823.03,88823.03,86621.51,86960.20,1743100.00
07/07/2023,85097.38,88907.71,85012.70,88907.71,2074301.00
06/07/2023,86452.16,86536.83,85097.38,85266.72,1849000.00
05/07/2023,85520.75,86790.86,84928.03,86367.49,2513400.00
04/07/2023,85266.72,86282.81,84589.33,84674.01,785700.00
03/07/2023,84674.01,85351.40,84504.66,84674.01,490100.00
30/06/2023,85605.42,86198.14,84674.01,84674.01,629600.00
29/06/2023,86198.14,87214.23,85605.42,86282.81,997600.00
28/06/2023,84674.01,86536.83,84504.66,85605.42,894201.00
27/06/2023,84674.01,85520.75,84419.98,84674.01,715900.00
26/06/2023,83911.94,85436.07,83911.94,84674.01,807200.00
23/06/2023,85012.70,85012.70,84250.64,84589.33,793200.00
22/06/2023,86367.49,86367.49,84589.33,85012.70,896500.00
21/06/2023,84419.98,85097.38,84419.98,84674.01,1242900.00
20/06/2023,85605.42,85605.42,84504.66,84589.33,1949509.00
19/06/2023,87722.27,88145.64,86113.46,86113.46,1214901.00
16/06/2023,88230.31,90093.14,87383.57,88907.71,1351800.00
15/06/2023,86790.86,87806.94,86028.79,87637.60,1057200.00
14/06/2023,86706.18,88060.97,85944.12,86875.53,860500.00
13/06/2023,84674.01,87214.23,84419.98,86790.86,933900.00
12/06/2023,84589.33,85944.12,83065.20,85520.75,455100.00
09/06/2023,84674.01,86367.49,83827.27,85097.38,1071100.00
08/06/2023,82133.78,86113.46,82133.78,84674.01,1359400.00
07/06/2023,83827.27,83827.27,82133.78,82133.78,794600.00
06/06/2023,82980.52,83827.27,81710.41,83827.27,779500.00
05/06/2023,80609.65,83573.24,80609.65,82980.52,1362801.00
02/06/2023,79508.89,80440.30,79000.85,80355.63,1457800.00
01/06/2023,80101.61,80101.61,78916.17,79508.89,711300.00
31/05/2023,79508.89,79678.24,78831.50,79593.56,420100.00
30/05/2023,78831.50,80270.96,78238.78,80016.93,1307500.00
29/05/2023,77900.08,80440.30,77900.08,78831.50,630500.00
26/05/2023,78916.17,79170.19,77900.08,77900.08,1026700.00
25/05/2023,78408.13,79593.56,77392.04,78916.17,626600.00
24/05/2023,78577.48,78577.48,77815.41,78408.13,385200.00
23/05/2023,78746.82,79254.87,77984.76,78577.48,568800.00
22/05/2023,78746.82,79508.89,78069.43,78831.50,665300.00
19/05/2023,80016.93,80355.63,78408.13,79762.91,609900.00
18/05/2023,78662.15,81287.04,78069.43,80440.30,1894800.00
17/05/2023,78323.45,78746.82,78154.11,78577.48,799400.00
16/05/2023,77900.08,78831.50,77307.37,78408.13,901600.00
15/05/2023,77900.08,78746.82,77222.69,77646.06,678901.00
12/05/2023,77053.34,78577.48,76884.00,78577.48,893500.00
11/05/2023,77900.08,77984.76,77053.34,77053.34,681600.00
10/05/2023,77815.41,78746.82,77561.39,77900.08,820400.00
09/05/2023,78746.82,79508.89,78154.11,78154.11,1019400.00
08/05/2023,76206.60,78916.17,76037.26,78746.82,1563200.00
05/05/2023,74936.49,76121.93,74682.47,76037.26,600500.00
04/05/2023,76206.60,76206.60,74936.49,74936.49,559001.00
28/04/2023,76206.60,76629.97,75190.52,76629.97,740700.00
27/04/2023,75105.84,76629.97,74851.82,76206.60,721300.00
26/04/2023,74513.12,75783.23,74428.45,75698.56,4045974.00
25/04/2023,74682.47,74936.49,74089.75,74767.15,565800.00
24/04/2023,74513.12,74936.49,73666.38,74428.45,585200.00
21/04/2023,74513.12,74597.80,74005.08,74089.75,1056500.00
20/04/2023,75190.52,75190.52,74513.12,74767.15,257800.00
19/04/2023,74597.80,75105.84,74513.12,74936.49,492900.00
18/04/2023,74767.15,75021.17,74089.75,74513.12,758100.00
17/04/2023,74851.82,74936.49,74343.78,74851.82,524900.00
14/04/2023,74767.15,75444.54,74682.47,74851.82,477800.00
13/04/2023,74767.15,74936.49,74343.78,74682.47,567000.00
12/04/2023,74767.15,75021.17,74513.12,74767.15,581400.00
11/04/2023,75359.86,76206.60,74682.47,74682.47,827600.00
10/04/2023,76206.60,76206.60,75359.86,75359.86,682300.00
07/04/2023,77053.34,77138.02,75783.23,76206.60,843200.00
06/04/2023,77476.71,77984.76,77222.69,77222.69,419300.00
05/04/2023,78154.11,78154.11,77138.02,77984.76,432000.00
04/04/2023,78577.48,78662.15,77561.39,77900.08,312900.00
03/04/2023,77646.06,78662.15,77222.69,78577.48,812700.00
31/03/2023,78577.48,78916.17,76629.97,77392.04,1033600.00
30/03/2023,78154.11,78916.17,77900.08,78492.80,605700.00
29/03/2023,78323.45,78323.45,76629.97,78154.11,422800.00
28/03/2023,76884.00,78662.15,76291.28,77730.74,888800.00
27/03/2023,75359.86,77053.34,74513.12,77053.34,826100.00
24/03/2023,77053.34,77053.34,75275.19,75359.86,673000.00
23/03/2023,75190.52,76799.32,73920.41,76799.32,1945500.00
22/03/2023,73327.69,76121.93,73327.69,75359.86,1098800.00
21/03/2023,72311.60,76121.93,72311.60,73243.01,1173400.00
20/03/2023,75359.86,75783.23,72057.58,72057.58,1077000.00
17/03/2023,77053.34,77138.02,75359.86,75359.86,2272200.00
16/03/2023,77053.34,77900.08,75783.23,77053.34,806000.00
15/03/2023,77561.39,77900.08,77138.02,77392.04,850800.00
14/03/2023,77053.34,77222.69,76629.97,77053.34,906700.00
13/03/2023,77900.08,77900.08,76884.00,77476.71,759200.00
10/03/2023,78069.43,78323.45,77476.71,77984.76,773800.00
09/03/2023,77900.08,79085.52,77646.06,78746.82,1118100.00
08/03/2023,77053.34,78069.43,76799.32,78069.43,871900.00
07/03/2023,77476.71,78323.45,77138.02,77815.41,1053300.00
06/03/2023,77053.34,78069.43,77053.34,77053.34,711900.00
03/03/2023,77730.74,78577.48,76968.67,76968.67,864600.00
02/03/2023,78746.82,79424.22,77730.74,78916.17,984700.00
01/03/2023,78154.11,79085.52,78069.43,78746.82,775700.00
28/02/2023,78831.50,79339.54,78408.13,79170.19,625800.00
27/02/2023,78746.82,79170.19,77646.06,78577.48,521000.00
24/02/2023,78746.82,79593.56,76206.60,79170.19,691400.00
23/02/2023,78746.82,79593.56,77222.69,79000.85,1045700.00
22/02/2023,79762.91,79847.59,78323.45,78746.82,1071500.00
21/02/2023,79762.91,80355.63,79593.56,79762.91,695500.00
20/02/2023,78746.82,80016.93,78746.82,79424.22,1161000.00
17/02/2023,78746.82,79000.85,77900.08,78746.82,949200.00
16/02/2023,78746.82,79593.56,78069.43,78238.78,842600.00
15/02/2023,78323.45,79762.91,77222.69,78746.82,899300.00
14/02/2023,79170.19,79170.19,77222.69,78323.45,1178100.00
13/02/2023,80270.96,80779.00,77900.08,79170.19,892700.00
10/02/2023,80016.93,80016.93,78577.48,80016.93,713700.00
09/02/2023,79424.22,80440.30,78746.82,78746.82,840300.00
08/02/2023,77984.76,81456.39,77984.76,79762.91,950800.00
07/02/2023,80694.33,80863.67,77900.08,77900.08,1469200.00
06/02/2023,78408.13,81541.07,77476.71,81287.04,1430100.00
03/02/2023,76460.63,78746.82,75444.54,78746.82,933400.00
02/02/2023,75021.17,77900.08,75021.17,76714.65,1030600.00
01/02/2023,77900.08,78323.45,75444.54,75444.54,1136400.00
31/01/2023,76121.93,77815.41,74343.78,77815.41,1533700.00
30/01/2023,77984.76,78323.45,76037.26,76121.93,1045000.00
27/01/2023,78746.82,80101.61,77476.71,78746.82,1585800.00
19/01/2023,75783.23,81287.04,74089.75,78746.82,1776800.00
18/01/2023,76206.60,77053.34,75698.56,76206.60,884000.00
17/01/2023,74936.49,75698.56,73920.41,75698.56,644600.00
16/01/2023,72819.64,74936.49,72819.64,73920.41,1034000.00
13/01/2023,72142.25,73243.01,72142.25,72650.30,822000.00
12/01/2023,72142.25,72142.25,70956.82,71803.56,1965000.00
11/01/2023,73920.41,73920.41,72057.58,72057.58,1313000.00
10/01/2023,72988.99,76121.93,72988.99,73920.41,2198500.00
09/01/2023,72650.30,73581.71,71803.56,73581.71,1667100.00
06/01/2023,71126.16,71803.56,71041.49,71126.16,1261500.00
05/01/2023,70110.08,71126.16,69856.05,71126.16,1078600.00
04/01/2023,70194.75,70194.75,69263.34,70110.08,973900.00
03/01/2023,67908.55,69940.73,67908.55,69940.73,1089800.00
30/12/2022,70194.75,70364.10,67739.20,67739.20,1510900.00
29/12/2022,69686.71,69856.05,68162.57,68331.92,1373400.00
28/12/2022,68077.90,69432.68,67315.83,67739.20,1173500.00
27/12/2022,67908.55,68162.57,66807.79,66977.14,1194000.00
26/12/2022,67061.81,68416.60,66807.79,66807.79,1203600.00
23/12/2022,67908.55,68755.29,66977.14,66977.14,1385200.00
22/12/2022,67315.83,68670.62,67146.49,67146.49,1100300.00
21/12/2022,68924.64,68924.64,66638.44,66638.44,962000.00
20/12/2022,67485.18,69432.68,66892.46,66892.46,1560400.00
19/12/2022,67739.20,68585.94,66892.46,67061.81,757500.00
16/12/2022,67315.83,70194.75,66807.79,67485.18,3410700.00
15/12/2022,66723.12,68331.92,66553.77,67315.83,1250400.00
14/12/2022,67485.18,67485.18,66469.09,66723.12,1246300.00
13/12/2022,66130.40,67146.49,65961.05,66215.07,2232500.00
12/12/2022,66723.12,68162.57,65537.68,65537.68,2405700.00
09/12/2022,66384.42,67061.81,65283.66,65453.01,1750100.00
08/12/2022,66892.46,68585.94,65198.98,65198.98,2479700.00
07/12/2022,67739.20,69432.68,66045.72,66469.09,1589800.00
06/12/2022,71972.90,72142.25,67739.20,67739.20,1378000.00
05/12/2022,71210.84,73666.38,69856.05,71972.90,1664000.00
02/12/2022,67654.53,71972.90,67146.49,71972.90,1377300.00
01/12/2022,68501.27,68924.64,67061.81,67739.20,1178900.00
30/11/2022,67993.23,68585.94,65198.98,68585.94,1458600.00
29/11/2022,64352.24,67569.86,64352.24,67569.86,1707400.00
28/11/2022,63082.13,65198.98,62489.42,64944.96,2356900.00
25/11/2022,61896.70,62320.07,61642.68,61896.70,1875100.00
24/11/2022,62235.39,62658.76,61388.65,61812.02,1135000.00
23/11/2022,61812.02,62235.39,61303.98,62235.39,1773000.00
22/11/2022,63082.13,64352.24,61388.65,62235.39,1936000.00
21/11/2022,64775.61,64775.61,63505.50,63505.50,1224900.00
18/11/2022,64267.57,65114.31,62320.07,64775.61,1564800.00
17/11/2022,64436.92,64860.29,63928.87,64775.61,1845700.00
16/11/2022,59525.83,66045.72,59525.83,63590.18,3319800.00
15/11/2022,62997.46,64690.94,61049.96,63505.50,2001800.00
14/11/2022,63928.87,64775.61,62743.44,63590.18,1836500.00
11/11/2022,61812.02,63928.87,61812.02,63928.87,1931600.00
10/11/2022,62574.09,62574.09,60626.59,61642.68,1517500.00
09/11/2022,62235.39,62828.11,61473.33,62658.76,1214800.00
08/11/2022,60965.28,63505.50,60626.59,61473.33,2258900.00
07/11/2022,60795.94,61812.02,60203.22,60795.94,1760000.00
04/11/2022,60541.91,61388.65,58340.39,60795.94,1578000.00
03/11/2022,60965.28,62150.72,60965.28,61812.02,754600.00
02/11/2022,62658.76,63082.13,60965.28,62320.07,1255100.00
01/11/2022,62658.76,63505.50,62066.05,63505.50,826100.00
31/10/2022,62235.39,62235.39,61388.65,62235.39,659400.00
28/10/2022,61388.65,63082.13,60626.59,60626.59,1561000.00
27/10/2022,59695.17,61727.35,58679.09,60711.26,1297800.00
26/10/2022,59779.85,59779.85,58001.69,59271.80,651400.00
25/10/2022,55884.84,59779.85,55884.84,59187.13,1694200.00
24/10/2022,58848.43,58848.43,55715.50,57578.32,874100.00
21/10/2022,58594.41,59864.52,57578.32,57578.32,1454700.00
20/10/2022,57493.65,59271.80,56816.26,58594.41,1577282.00
19/10/2022,57493.65,57578.32,56985.61,57493.65,696400.00
18/10/2022,57578.32,57578.32,56985.61,57324.30,905000.00
17/10/2022,56985.61,57578.32,55461.47,56138.87,1301400.00
14/10/2022,58001.69,58001.69,56985.61,57663.00,1838300.00
13/10/2022,54276.04,56308.21,53090.60,56308.21,1666800.00
12/10/2022,53344.62,55292.13,52667.23,54191.36,1586400.00
11/10/2022,55292.13,55884.84,52497.88,52497.88,1531700.00
10/10/2022,56308.21,57324.30,54276.04,55122.78,1366000.00
07/10/2022,58933.11,58933.11,55292.13,56477.56,2203700.00
06/10/2022,60965.28,60965.28,59187.13,59356.48,865600.00
05/10/2022,60457.24,60965.28,60203.22,60541.91,929000.00
04/10/2022,59271.80,60880.61,58848.43,60372.57,1280900.00
03/10/2022,62235.39,62489.42,59525.83,59779.85,919900.00
30/09/2022,61981.37,62912.79,61303.98,61981.37,1776400.00
29/09/2022,64352.24,64352.24,62658.76,62658.76,587800.00
28/09/2022,62658.76,63505.50,62489.42,63505.50,587700.00
27/09/2022,64352.24,64352.24,62828.11,62912.79,673400.00
26/09/2022,63590.18,65198.98,62743.44,63505.50,1734900.00
23/09/2022,65368.33,65791.70,64182.90,64267.57,1054100.00
22/09/2022,65791.70,66553.77,65622.35,66045.72,1255000.00
21/09/2022,67146.49,67400.51,65961.05,66807.79,1519200.00
20/09/2022,66723.12,67739.20,66553.77,67061.81,521200.00
19/09/2022,66892.46,67908.55,66045.72,66723.12,1030500.00
16/09/2022,67146.49,67739.20,66469.09,67739.20,1519200.00
15/09/2022,66469.09,67146.49,66130.40,67061.81,804200.00
14/09/2022,65368.33,67315.83,65198.98,66299.75,1085800.00
13/09/2022,67231.16,67231.16,66553.77,66553.77,2154900.00
12/09/2022,67400.51,67485.18,66723.12,66977.14,1025800.00
09/09/2022,66469.09,67146.49,66215.07,66723.12,2704640.00
08/09/2022,68501.27,68501.27,66045.72,66045.72,1424300.00
07/09/2022,69432.68,69856.05,67569.86,67739.20,2365300.00
06/09/2022,69940.73,71126.16,69517.36,70025.40,1027300.00
05/09/2022,71126.16,71380.19,69856.05,69940.73,1582800.00
31/08/2022,72819.64,73243.01,71126.16,71126.16,1127900.00
30/08/2022,69856.05,72819.64,69856.05,72819.64,2562800.00
29/08/2022,68924.64,69856.05,68501.27,69856.05,1063500.00
26/08/2022,69432.68,70872.14,69432.68,69856.05,1594500.00
25/08/2022,69602.03,69602.03,68839.97,69432.68,630800.00
24/08/2022,68755.29,70194.75,67993.23,69432.68,1135700.00
23/08/2022,67739.20,68839.97,67654.53,67908.55,813000.00
22/08/2022,67823.88,69009.31,67739.20,67739.20,617800.00
19/08/2022,68247.25,69432.68,68247.25,68501.27,1200000.00
18/08/2022,68839.97,69432.68,68755.29,69009.31,1713600.00
17/08/2022,68755.29,69178.66,68755.29,69009.31,851000.00
16/08/2022,69432.68,69432.68,68670.62,69009.31,1016700.00
15/08/2022,69432.68,69686.71,69178.66,69263.34,1319500.00
12/08/2022,69009.31,69348.01,68501.27,69093.99,1398800.00
11/08/2022,68839.97,69432.68,68247.25,69009.31,1223500.00
10/08/2022,67823.88,68585.94,67823.88,68162.57,547500.00
09/08/2022,69432.68,69432.68,67654.53,68416.60,1304900.00
08/08/2022,69432.68,69856.05,69348.01,69432.68,967000.00
05/08/2022,69432.68,69771.38,68670.62,69432.68,1395800.00
04/08/2022,67315.83,69856.05,67231.16,69856.05,2348100.00
03/08/2022,66299.75,67315.83,66045.72,67315.83,1857700.00
02/08/2022,65198.98,67061.81,64352.24,66807.79,1777800.00
01/08/2022,63251.48,65198.98,62997.46,65198.98,1664300.00
29/07/2022,63844.20,63928.87,63251.48,63251.48,2499000.00
28/07/2022,63844.20,64013.55,63336.16,63759.53,1193800.00
27/07/2022,62658.76,63505.50,62404.74,63505.50,1369900.00
26/07/2022,61981.37,62997.46,61981.37,62574.09,1119800.00
25/07/2022,61303.98,61981.37,60965.28,61727.35,991700.00
22/07/2022,61049.96,61558.00,60965.28,61388.65,1119600.00
21/07/2022,61388.65,61727.35,61049.96,61388.65,1164600.00
20/07/2022,60626.59,61388.65,60626.59,61388.65,573900.00
19/07/2022,60965.28,61049.96,60203.22,60372.57,922100.00
18/07/2022,61388.65,61727.35,60965.28,60965.28,391400.00
15/07/2022,61049.96,62235.39,61049.96,61219.31,626500.00
14/07/2022,60795.94,61642.68,60626.59,61303.98,439400.00
13/07/2022,60795.94,62150.72,60457.24,60795.94,1379900.00
12/07/2022,61049.96,61473.33,60711.26,60880.61,840500.00
11/07/2022,62066.05,62235.39,60965.28,60965.28,756800.00
08/07/2022,63420.83,63505.50,62574.09,62658.76,761000.00
07/07/2022,61558.00,63928.87,60711.26,63928.87,1287400.00
06/07/2022,62404.74,62574.09,58340.39,61642.68,1644200.00
05/07/2022,63420.83,63420.83,62320.07,62658.76,1064500.00
04/07/2022,63420.83,63674.85,62574.09,62743.44,786200.00
01/07/2022,63082.13,63505.50,61727.35,62658.76,1383000.00
30/06/2022,63928.87,64352.24,63336.16,63336.16,794468.00
29/06/2022,64182.90,64267.57,63759.53,63928.87,1387500.00
28/06/2022,63505.50,65198.98,63336.16,64606.27,1095800.00
27/06/2022,63928.87,64352.24,63336.16,63420.83,958500.00
24/06/2022,64521.59,64606.27,63166.81,63505.50,688600.00
23/06/2022,63590.18,64944.96,63420.83,64267.57,590200.00
22/06/2022,65961.05,66045.72,63505.50,64352.24,2165200.00
21/06/2022,64352.24,65791.70,63674.85,65791.70,977100.00
20/06/2022,67315.83,67315.83,63759.53,64352.24,1089700.00
17/06/2022,65198.98,66299.75,64436.92,64436.92,1071600.00
16/06/2022,64944.96,67739.20,64775.61,66977.14,1324600.00
15/06/2022,65537.68,66299.75,63759.53,64775.61,1243600.00
14/06/2022,63928.87,66130.40,62658.76,65198.98,1087200.00
13/06/2022,65198.98,65198.98,62743.44,64690.94,1220800.00
10/06/2022,65876.38,66892.46,65537.68,65791.70,390900.00
09/06/2022,66892.46,67654.53,65791.70,65876.38,1067500.00
08/06/2022,68585.94,68585.94,66723.12,67061.81,1219700.00
07/06/2022,66892.46,69432.68,66130.40,68585.94,1014000.00
06/06/2022,65622.35,67739.20,63590.18,67485.18,880500.00
03/06/2022,66384.42,67315.83,64690.94,65622.35,582800.00
02/06/2022,68416.60,68416.60,66892.46,66892.46,742483.00
01/06/2022,66892.46,68162.57,66892.46,68162.57,798800.00
31/05/2022,66807.79,66807.79,66045.72,66807.79,1188700.00
30/05/2022,65537.68,68585.94,64690.94,66045.72,1408400.00
27/05/2022,64944.96,65537.68,64606.27,65537.68,892000.00
26/05/2022,65198.98,65283.66,64352.24,64944.96,1033900.00
25/05/2022,64352.24,65198.98,63336.16,65198.98,898000.00
24/05/2022,63420.83,64098.22,62912.79,64013.55,898700.00
23/05/2022,64013.55,64013.55,62320.07,62997.46,686600.00
20/05/2022,63590.18,64775.61,63505.50,63759.53,742800.00
19/05/2022,63505.50,64944.96,63336.16,64352.24,575800.00
18/05/2022,65198.98,65198.98,63505.50,63844.20,936000.00
17/05/2022,62828.11,65198.98,61896.70,64352.24,2346300.00
16/05/2022,63928.87,64690.94,62658.76,62828.11,1558800.00
13/05/2022,65198.98,66045.72,61812.02,61812.02,1983664.00
12/05/2022,66892.46,67654.53,65198.98,65198.98,1016300.00
11/05/2022,67739.20,67993.23,66892.46,67739.20,1026300.00
10/05/2022,65283.66,67739.20,65283.66,67739.20,926000.00
09/05/2022,66723.12,68077.90,65876.38,65961.05,1718200.00
06/05/2022,67485.18,68755.29,67231.16,67231.16,1330900.00
05/05/2022,68162.57,69009.31,67400.51,68585.94,1019300.00
04/05/2022,68501.27,68585.94,66892.46,67654.53,936600.00
29/04/2022,68924.64,69686.71,67739.20,68501.27,28854200.00
28/04/2022,69009.31,69093.99,67315.83,69009.31,564100.00
27/04/2022,67654.53,69432.68,66215.07,69009.31,2334900.00
26/04/2022,66892.46,68162.57,66892.46,68162.57,2507000.00
25/04/2022,69602.03,70279.42,65198.98,69263.34,2879400.00
22/04/2022,66977.14,69940.73,66977.14,69602.03,4820600.00
21/04/2022,66384.42,67061.81,66215.07,66384.42,2178200.00
20/04/2022,66045.72,66807.79,65791.70,66384.42,904600.00
19/04/2022,65876.38,66469.09,65707.03,65791.70,1047400.00
18/04/2022,67739.20,67908.55,65707.03,65791.70,1292300.00
15/04/2022,68755.29,69009.31,67908.55,67908.55,934800.00
14/04/2022,69771.38,70194.75,68585.94,68585.94,1175400.00
13/04/2022,70279.42,70364.10,69432.68,69771.38,905700.00
12/04/2022,70279.42,70448.77,69093.99,69771.38,881300.00
08/04/2022,71041.49,71041.49,70194.75,70279.42,812200.00
07/04/2022,71888.23,72142.25,70279.42,70279.42,983000.00
06/04/2022,70194.75,71972.90,69178.66,71634.21,2009600.00
05/04/2022,70110.08,70448.77,69940.73,70279.42,526100.00
04/04/2022,70448.77,71210.84,69940.73,69940.73,792000.00
01/04/2022,69517.36,70787.47,68670.62,70110.08,984300.00
31/03/2022,69432.68,69940.73,69432.68,69517.36,492400.00
30/03/2022,69263.34,70702.79,69009.31,69432.68,968900.00
29/03/2022,69771.38,70279.42,69093.99,69348.01,1048600.00
28/03/2022,70279.42,70279.42,69432.68,69771.38,779400.00
25/03/2022,71126.16,71126.16,69432.68,69856.05,1192800.00
24/03/2022,71888.23,71888.23,70702.79,70702.79,600200.00
23/03/2022,71888.23,72480.95,71888.23,71888.23,1020600.00
22/03/2022,71888.23,72396.27,71888.23,71888.23,1009600.00
21/03/2022,71295.51,72396.27,71126.16,71888.23,963900.00
18/03/2022,70364.10,72142.25,70194.75,71295.51,1436600.00
17/03/2022,70279.42,70702.79,70025.40,70279.42,1301400.00
16/03/2022,68839.97,70448.77,68839.97,69856.05,1030600.00
15/03/2022,71126.16,71210.84,68585.94,68670.62,2415900.00
14/03/2022,70533.45,71295.51,70448.77,71295.51,1517200.00
11/03/2022,70872.14,71041.49,70279.42,70956.82,906100.00
10/03/2022,70279.42,70872.14,70194.75,70702.79,1184100.00
09/03/2022,69263.34,70364.10,69178.66,70279.42,1404300.00
08/03/2022,70956.82,71549.53,69009.31,69009.31,2966300.00
07/03/2022,71380.19,71888.23,71041.49,71888.23,1782800.00
04/03/2022,72142.25,72396.27,71803.56,71888.23,1137100.00
03/03/2022,71972.90,72396.27,71718.88,72396.27,1052200.00
02/03/2022,72480.95,72480.95,71295.51,71972.90,1715600.00
01/03/2022,71549.53,72311.60,71210.84,71972.90,1374400.00
28/02/2022,72057.58,72057.58,71464.86,71549.53,1322100.00
25/02/2022,72226.93,72734.97,71972.90,72057.58,1676500.00
24/02/2022,73412.36,73497.04,71972.90,72226.93,2157700.00
23/02/2022,73666.38,73666.38,72650.30,73581.71,986300.00
22/02/2022,73666.38,73666.38,71972.90,73497.04,1600200.00
21/02/2022,73327.69,74174.43,73327.69,74005.08,1096900.00
18/02/2022,73158.34,74089.75,73158.34,73835.73,1066200.00
17/02/2022,73666.38,74259.10,73497.04,74089.75,1491200.00
16/02/2022,74089.75,74428.45,73158.34,73666.38,1365000.00
15/02/2022,72819.64,74767.15,70956.82,73666.38,2453500.00
14/02/2022,74597.80,75190.52,72819.64,72819.64,3709138.00
11/02/2022,77307.37,77561.39,76206.60,76206.60,17258100.00
10/02/2022,77138.02,79085.52,77053.34,77307.37,1827200.00
09/02/2022,77222.69,77815.41,76460.63,76884.00,1612900.00
08/02/2022,78238.78,78238.78,76291.28,77900.08,1225400.00
07/02/2022,76714.65,78662.15,75783.23,78238.78,1725600.00
28/01/2022,77053.34,77900.08,75359.86,75359.86,2140700.00
27/01/2022,78746.82,80016.93,76545.30,77053.34,1732900.00
26/01/2022,81117.70,81117.70,78408.13,80016.93,2523500.00
25/01/2022,78323.45,81287.04,75359.86,81117.70,2396600.00
24/01/2022,75698.56,79170.19,74682.47,78746.82,2728300.00
21/01/2022,73581.71,76206.60,72904.32,75529.21,2611300.00
20/01/2022,72142.25,74089.75,70364.10,73751.06,2794300.00
19/01/2022,74089.75,74089.75,71972.90,73497.04,1414800.00
18/01/2022,72396.27,74174.43,71126.16,74174.43,1735600.00
17/01/2022,70279.42,74513.12,69686.71,72988.99,2668530.00
14/01/2022,69348.01,70618.12,68585.94,70618.12,1552100.00
13/01/2022,68162.57,71464.86,67908.55,69348.01,2571800.00
12/01/2022,67231.16,67739.20,66045.72,67739.20,2301500.00
11/01/2022,67739.20,67739.20,66469.09,67231.16,1081700.00
10/01/2022,67485.18,67654.53,66469.09,67315.83,1156000.00
07/01/2022,67400.51,67654.53,66215.07,67569.86,966200.00
06/01/2022,66553.77,67654.53,65961.05,66977.14,1215600.00
05/01/2022,66892.46,68077.90,66045.72,66045.72,1692100.00
04/01/2022,66892.46,67231.16,66045.72,66892.46,1133800.00
31/12/2021,66892.46,67061.81,66384.42,66723.12,422000.00
30/12/2021,67569.86,67654.53,65791.70,66384.42,1009300.00
29/12/2021,67315.83,67569.86,66977.14,67315.83,440000.00
28/12/2021,67739.20,68585.94,66045.72,67739.20,2368800.00
27/12/2021,66807.79,67993.23,65961.05,67569.86,934100.00
24/12/2021,65029.64,66469.09,65029.64,66469.09,849400.00
23/12/2021,65622.35,66807.79,64775.61,64775.61,1489000.00
22/12/2021,65198.98,65876.38,64860.29,65114.31,1915300.00
21/12/2021,64898.24,65422.67,64570.47,64832.68,774100.00
20/12/2021,64570.47,65226.01,64308.25,65226.01,841900.00
17/12/2021,65553.77,65553.77,63259.39,63259.39,3475700.00
16/12/2021,66078.20,66078.20,64308.25,64963.79,1047100.00
15/12/2021,65226.01,66012.65,64898.24,65488.22,837300.00
14/12/2021,65291.56,65881.54,64963.79,65094.90,862300.00
13/12/2021,66864.85,66864.85,65029.34,65291.56,1098000.00
10/12/2021,66209.31,67389.28,65488.22,65553.77,1934200.00
09/12/2021,63849.38,65160.45,63783.82,65029.34,960000.00
08/12/2021,64242.70,65160.45,64242.70,64701.58,507500.00
07/12/2021,62997.18,65160.45,62997.18,64373.81,873000.00
06/12/2021,64242.70,65553.77,62538.30,62538.30,1091600.00
03/12/2021,65029.34,66078.20,63914.93,64242.70,795900.00
02/12/2021,65750.44,66078.20,64767.13,64963.79,787700.00
01/12/2021,65160.45,66537.08,64439.36,64898.24,634500.00
30/11/2021,68175.93,68175.93,64832.68,64832.68,1336500.00
29/11/2021,67717.05,68765.91,66209.31,66274.87,851000.00
26/11/2021,69945.88,70929.18,68175.93,68831.46,962600.00
25/11/2021,68831.46,70798.08,68569.25,70208.09,1557500.00
24/11/2021,65029.34,69224.79,65029.34,68700.36,1883300.00
23/11/2021,64898.24,64963.79,64373.81,64963.79,658200.00
22/11/2021,63783.82,64832.68,63652.71,64767.13,1078900.00
19/11/2021,63718.27,64177.14,63652.71,63652.71,413000.00
18/11/2021,64439.36,64439.36,63587.16,63587.16,818700.00
17/11/2021,63718.27,64308.25,63718.27,64242.70,850300.00
16/11/2021,64046.04,64570.47,63587.16,63718.27,706300.00
15/11/2021,64439.36,64898.24,63718.27,64046.04,834700.00
12/11/2021,64439.36,64439.36,63914.93,64373.81,676800.00
11/11/2021,64111.59,65094.90,63587.16,64439.36,1115600.00
10/11/2021,63652.71,64373.81,63456.05,63980.48,877100.00
09/11/2021,64242.70,64636.02,63587.16,63652.71,1434400.00
08/11/2021,64308.25,64504.91,63914.93,64373.81,1206200.00
05/11/2021,63914.93,64898.24,63587.16,63914.93,1576000.00
04/11/2021,64701.58,64767.13,63718.27,64504.91,989400.00
03/11/2021,64046.04,64767.13,63783.82,64701.58,2358300.00
02/11/2021,63849.38,64242.70,63783.82,64177.14,808300.00
01/11/2021,64308.25,64373.81,63587.16,63587.16,1077500.00
29/10/2021,63783.82,64504.91,63521.61,64242.70,1304800.00
28/10/2021,63324.95,64177.14,62997.18,64177.14,1858200.00
27/10/2021,62013.87,63259.39,61817.21,62997.18,1465800.00
26/10/2021,61686.10,62013.87,61358.33,61620.55,735000.00
25/10/2021,62866.07,62866.07,61686.10,61686.10,800600.00
22/10/2021,62276.09,62276.09,61620.55,61817.21,322000.00
21/10/2021,62538.30,62931.62,61620.55,61620.55,1329100.00
20/10/2021,63193.84,63390.50,61620.55,62276.09,1561000.00
19/10/2021,62997.18,63259.39,62407.19,63193.84,918300.00
18/10/2021,63128.28,63587.16,62276.09,62931.62,1350900.00
15/10/2021,63456.05,63783.82,63259.39,63259.39,731500.00
14/10/2021,63587.16,63718.27,62866.07,63390.50,1866700.00
13/10/2021,64177.14,64242.70,63587.16,63587.16,1555800.00
12/10/2021,64439.36,64439.36,63587.16,63587.16,913500.00
11/10/2021,63587.16,64504.91,63456.05,63914.93,1178000.00
08/10/2021,63324.95,63587.16,62669.41,63587.16,785500.00
07/10/2021,62669.41,63456.05,62276.09,63456.05,847200.00
06/10/2021,62669.41,62669.41,62144.98,62669.41,773200.00
05/10/2021,62341.64,62997.18,62341.64,62669.41,1061700.00
04/10/2021,62931.62,63259.39,61882.76,62013.87,959300.00
01/10/2021,63783.82,64373.81,62800.52,62866.07,3061848.00
30/09/2021,64570.47,64636.02,63652.71,63718.27,1287900.00
29/09/2021,65226.01,65226.01,63914.93,64570.47,565000.00
28/09/2021,64111.59,65094.90,63914.93,65029.34,566500.00
27/09/2021,65226.01,65357.11,64242.70,64242.70,518900.00
24/09/2021,65226.01,65422.67,65094.90,65226.01,454700.00
23/09/2021,65291.56,65815.99,64570.47,65226.01,758000.00
22/09/2021,64504.91,65226.01,64242.70,65226.01,916200.00
21/09/2021,65226.01,65422.67,64242.70,64242.70,862000.00
20/09/2021,63783.82,66209.31,63783.82,65291.56,2359900.00
17/09/2021,63914.93,64504.91,63718.27,63718.27,1023200.00
16/09/2021,64832.68,64832.68,63914.93,64308.25,570400.00
15/09/2021,64439.36,64439.36,63652.71,63652.71,880500.00
14/09/2021,64308.25,64570.47,63587.16,64439.36,2751500.00
13/09/2021,64767.13,64898.24,64308.25,64308.25,1043100.00
10/09/2021,65422.67,65422.67,64636.02,65029.34,939800.00
09/09/2021,65357.11,65619.33,64636.02,65094.90,838200.00
08/09/2021,65553.77,65619.33,63456.05,65357.11,928000.00
07/09/2021,65488.22,66078.20,65422.67,65553.77,1123800.00
06/09/2021,65160.45,65619.33,65160.45,65553.77,978700.00
01/09/2021,65160.45,65488.22,62931.62,65160.45,907500.00
31/08/2021,65226.01,65488.22,64439.36,65160.45,1013900.00
30/08/2021,64504.91,65160.45,64111.59,65094.90,1542495.00
27/08/2021,62931.62,64570.47,62931.62,64111.59,1106600.00
26/08/2021,64111.59,64898.24,63456.05,63456.05,1158900.00
25/08/2021,63587.16,64898.24,63456.05,63914.93,1119200.00
24/08/2021,65029.34,65029.34,63259.39,63587.16,1090100.00
23/08/2021,64898.24,65553.77,63324.95,63783.82,2136200.00
20/08/2021,66340.42,66799.30,65160.45,65619.33,1860500.00
19/08/2021,66012.65,67520.39,65422.67,67389.28,2617600.00
18/08/2021,66209.31,67192.62,65357.11,66209.31,1848000.00
17/08/2021,67192.62,67520.39,66209.31,66209.31,1930700.00
16/08/2021,65291.56,65947.10,64898.24,65947.10,2053400.00
13/08/2021,65488.22,65488.22,64439.36,65291.56,1568900.00
12/08/2021,65881.54,66078.20,65226.01,65488.22,1048600.00
11/08/2021,65094.90,66668.19,64963.79,65881.54,1711800.00
10/08/2021,64898.24,65029.34,64570.47,64898.24,1597400.00
09/08/2021,64308.25,64832.68,64046.04,64439.36,1290900.00
06/08/2021,65422.67,65422.67,64308.25,64308.25,1114400.00
05/08/2021,64242.70,65226.01,64177.14,65160.45,1127700.00
04/08/2021,65029.34,65094.90,64308.25,64570.47,1222300.00
03/08/2021,63652.71,64767.13,63587.16,64767.13,1265700.00
02/08/2021,63587.16,64701.58,63193.84,63587.16,1395000.00
30/07/2021,63783.82,64767.13,63718.27,64242.70,1564600.00
29/07/2021,63849.38,64177.14,63587.16,64177.14,1191800.00
28/07/2021,62341.64,63587.16,62341.64,63587.16,1490800.00
27/07/2021,63914.93,63980.48,62276.09,62276.09,2686200.00
26/07/2021,63259.39,63914.93,62734.96,62931.62,1294200.00
23/07/2021,65094.90,65422.67,63587.16,63587.16,1744300.00
22/07/2021,64832.68,66012.65,64242.70,65750.44,1500800.00
21/07/2021,65226.01,65881.54,64439.36,64898.24,1463700.00
20/07/2021,64111.59,66209.31,61292.78,65684.88,2652500.00
19/07/2021,65553.77,65684.88,62866.07,63587.16,2689700.00
16/07/2021,67192.62,67782.60,66209.31,67192.62,1617300.00
15/07/2021,65684.88,68503.69,65684.88,67192.62,2339400.00
14/07/2021,67782.60,67848.16,65553.77,66733.74,2316700.00
13/07/2021,70076.98,70076.98,66930.40,67782.60,2356600.00
12/07/2021,71781.38,71781.38,67585.94,70208.09,2500600.00
09/07/2021,72109.15,72830.24,70011.43,71978.04,3021900.00
08/07/2021,72895.80,74075.76,71453.61,72764.69,1384100.00
07/07/2021,73420.23,74337.98,69487.00,74337.98,2808000.00
06/07/2021,73748.00,75386.84,73420.23,73420.23,1754600.00
05/07/2021,74665.75,74665.75,72699.14,74469.09,2416000.00
02/07/2021,76304.59,76435.70,74731.30,75321.29,1767290.00
01/07/2021,76501.25,76566.81,75386.84,76304.59,2056400.00
30/06/2021,74731.30,76829.02,74731.30,76304.59,3337000.00
29/06/2021,73420.23,74731.30,73092.46,74731.30,2353100.00
28/06/2021,73813.55,74075.76,72830.24,73813.55,2360500.00
25/06/2021,72568.03,73944.66,71388.06,73813.55,2321990.00
24/06/2021,72109.15,72633.58,70666.97,72568.03,1143400.00
23/06/2021,70798.08,72764.69,70142.54,71912.49,2308600.00
22/06/2021,70208.09,71125.84,69814.77,70535.86,2171000.00
21/06/2021,70798.08,70929.18,69487.00,69880.32,3007900.00
18/06/2021,68503.69,71453.61,68372.59,71125.84,3824900.00
17/06/2021,68175.93,68831.46,66864.85,68307.03,2896100.00
16/06/2021,67192.62,69487.00,67192.62,68175.93,2898400.00
15/06/2021,66930.40,67520.39,66209.31,67389.28,1440700.00
14/06/2021,66930.40,67782.60,66405.97,66864.85,1548700.00
11/06/2021,66274.87,67848.16,65881.54,67389.28,2048000.00
10/06/2021,66864.85,67454.83,65553.77,66733.74,2282500.00
09/06/2021,65553.77,66864.85,65029.34,66864.85,2433900.00
08/06/2021,67520.39,68175.93,65553.77,65553.77,2351600.00
07/06/2021,68372.59,68765.91,66340.42,67520.39,3023900.00
04/06/2021,69814.77,69814.77,68241.48,68765.91,2945800.00
03/06/2021,69552.55,70798.08,69487.00,69945.88,2802000.00
02/06/2021,68175.93,70470.31,67979.26,69487.00,5416100.00
01/06/2021,65160.45,68307.03,64701.58,67979.26,4573500.00
31/05/2021,66209.31,66209.31,64439.36,64636.02,2821000.00
28/05/2021,64898.24,66274.87,63980.48,65291.56,2230000.00
27/05/2021,65815.99,65815.99,64242.70,64701.58,1818400.00
26/05/2021,65488.22,66733.74,65357.11,65815.99,2356000.00
25/05/2021,63849.38,65553.77,63849.38,65422.67,4450000.00
24/05/2021,63914.93,64570.47,63259.39,63849.38,1874700.00
21/05/2021,63128.28,64242.70,62931.62,63456.05,1799200.00
20/05/2021,61686.10,64898.24,61686.10,64898.24,1938100.00
19/05/2021,62013.87,62013.87,61489.44,61686.10,1738100.00
18/05/2021,62472.75,62931.62,61948.32,62013.87,2103400.00
17/05/2021,63652.71,63783.82,62800.52,62931.62,1715100.00
14/05/2021,63849.38,64439.36,63324.95,63521.61,1443600.00
13/05/2021,63718.27,64111.59,63456.05,63456.05,1767000.00
12/05/2021,64177.14,64177.14,63587.16,63783.82,1218300.00
11/05/2021,64373.81,65094.90,63914.93,64177.14,1271500.00
10/05/2021,63390.50,64373.81,62866.07,64308.25,1743000.00
07/05/2021,64832.68,64898.24,63390.50,63587.16,2284800.00
06/05/2021,66340.42,66668.19,64898.24,65094.90,1161200.00
05/05/2021,64963.79,66864.85,64963.79,66340.42,1895700.00
04/05/2021,64898.24,65291.56,64242.70,64963.79,1651800.00
29/04/2021,64898.24,65553.77,64242.70,65553.77,1615700.00
28/04/2021,64898.24,65094.90,64046.04,64898.24,1553900.00
27/04/2021,64636.02,65291.56,64046.04,64898.24,1191800.00
26/04/2021,68175.93,68175.93,64177.14,64636.02,3695400.00
23/04/2021,67520.39,68175.93,65881.54,68175.93,2578800.00
22/04/2021,67520.39,69224.79,66995.96,67520.39,3311700.00
20/04/2021,64963.79,68831.46,64570.47,67520.39,6274200.00
19/04/2021,63587.16,64570.47,62800.52,64570.47,1508500.00
16/04/2021,63783.82,64570.47,62931.62,63128.28,1615900.00
15/04/2021,65422.67,65422.67,63456.05,63914.93,2152800.00
14/04/2021,63783.82,64701.58,63521.61,64701.58,1436800.00
13/04/2021,65553.77,65553.77,63914.93,63914.93,1670900.00
12/04/2021,64570.47,65029.34,63849.38,64832.68,2670100.00
09/04/2021,65226.01,65226.01,63914.93,63914.93,2101700.00
08/04/2021,66799.30,66799.30,65226.01,65553.77,1575400.00
07/04/2021,66209.31,66864.85,65815.99,66799.30,1182700.00
06/04/2021,66864.85,67192.62,65881.54,66799.30,2293200.00
05/04/2021,65553.77,67389.28,64636.02,66864.85,3618400.00
02/04/2021,63914.93,64570.47,63521.61,64111.59,2381600.00
01/04/2021,62407.19,64046.04,62407.19,63521.61,3297600.00
31/03/2021,61948.32,62341.64,61686.10,62144.98,970600.00
30/03/2021,62472.75,62472.75,61686.10,62144.98,2625700.00
29/03/2021,62407.19,62800.52,61292.78,62472.75,2895800.00
26/03/2021,62276.09,62603.85,61423.89,62210.53,1222800.00
25/03/2021,62079.42,62931.62,61948.32,62341.64,1237300.00
24/03/2021,62276.09,62866.07,61686.10,62079.42,1509800.00
23/03/2021,63521.61,63521.61,62538.30,62800.52,966800.00
22/03/2021,62931.62,63914.93,62538.30,63587.16,1979000.00
19/03/2021,63652.71,63652.71,61751.66,61751.66,1595700.00
18/03/2021,63062.73,63914.93,62603.85,63914.93,1635100.00
17/03/2021,62603.85,62800.52,62276.09,62669.41,1304400.00
16/03/2021,62931.62,62931.62,62341.64,62734.96,655800.00
15/03/2021,62931.62,63587.16,62603.85,63128.28,1464400.00
12/03/2021,63128.28,63259.39,61948.32,62800.52,1324800.00
11/03/2021,62800.52,63456.05,62800.52,63128.28,1078800.00
10/03/2021,62276.09,62800.52,61620.55,62603.85,1089900.00
09/03/2021,62276.09,62276.09,61030.56,62276.09,1449300.00
08/03/2021,63587.16,63587.16,62276.09,62407.19,1521800.00
05/03/2021,63652.71,63718.27,62276.09,63193.84,1737600.00
04/03/2021,64636.02,65226.01,61030.56,63783.82,1183100.00
03/03/2021,64439.36,65160.45,64373.81,64504.91,965460.00
02/03/2021,65553.77,66733.74,64242.70,65094.90,1245700.00
01/03/2021,64373.81,65094.90,64373.81,65029.34,976200.00
26/02/2021,63783.82,64898.24,63587.16,64373.81,1091420.00
25/02/2021,64898.24,65226.01,63980.48,64373.81,922100.00
24/02/2021,65881.54,66209.31,63259.39,64308.25,1330300.00
23/02/2021,65553.77,66209.31,65029.34,65553.77,1441400.00
22/02/2021,65881.54,66864.85,65750.44,65947.10,1388700.00
19/02/2021,65029.34,66668.19,64963.79,66405.97,1942200.00
18/02/2021,64898.24,66864.85,64242.70,66864.85,1688900.00
17/02/2021,63914.93,65553.77,63914.93,65553.77,1054100.00
09/02/2021,63587.16,63849.38,61030.56,63718.27,2978900.00
08/02/2021,64898.24,65422.67,61030.56,61686.10,2902200.00
05/02/2021,64832.68,65553.77,64177.14,65553.77,1035300.00
04/02/2021,64832.68,64898.24,61554.99,64832.68,967300.00
03/02/2021,64177.14,64898.24,63324.95,64832.68,1454600.00
02/02/2021,60309.47,63390.50,60309.47,63259.39,1152800.00
01/02/2021,62931.62,62931.62,59653.93,59719.49,1331300.00
29/01/2021,56048.48,63521.61,56048.48,60965.01,1359000.00
28/01/2021,60309.47,61161.67,59391.72,59391.72,1811700.00
27/01/2021,64963.79,65553.77,61554.99,63849.38,1659000.00
26/01/2021,67192.62,67192.62,64898.24,66143.76,970500.00
25/01/2021,66274.87,67520.39,66274.87,67192.62,745900.00
22/01/2021,67520.39,68175.93,66864.85,67520.39,1876400.00
21/01/2021,64963.79,67520.39,64242.70,67520.39,1320700.00
20/01/2021,64898.24,69421.45,64242.70,64963.79,2093000.00
19/01/2021,67585.94,67717.05,62997.18,64898.24,2401120.00
18/01/2021,67848.16,68831.46,67520.39,67717.05,1112400.00
15/01/2021,68700.36,68765.91,67192.62,67651.49,1202600.00
14/01/2021,68831.46,68962.57,67717.05,68110.37,932200.00
13/01/2021,69224.79,69552.55,68175.93,68700.36,1338200.00
12/01/2021,69224.79,69224.79,68307.03,69224.79,842950.00
11/01/2021,68569.25,69290.34,68241.48,68503.69,847400.00
08/01/2021,70798.08,70798.08,68503.69,68700.36,1000900.00
07/01/2021,68175.93,71125.84,68175.93,70142.54,1199800.00
06/01/2021,65226.01,69618.11,65094.90,68831.46,2080400.00
05/01/2021,64898.24,65947.10,64898.24,65094.90,1096230.00
04/01/2021,64242.70,65422.67,63783.82,64898.24,907900.00
